{
  "items": [
    {
      "id": "tt1464335",
      "rank": "1",
      "rankUpDown": "+12",
      "title": "Uncharted",
      "fullTitle": "Uncharted (2022)",
      "year": "2022",
      "image": "https://m.media-amazon.com/images/M/MV5BOTNkN2ZmMzItOTAwMy00MmM5LTg5YTgtNmE5MThkMDE2ODJiXkEyXkFqcGdeQXVyMDA4NzMyOA@@._V1_SX300.jpg",
      "crew": "Ruben Fleischer (dir.), Tom Holland, Mark Wahlberg",
      "imDbRating": "6.7",
      "imDbRatingCount": "30992"
    },
    {
      "id": "tt9419884",
      "rank": "2",
      "rankUpDown": "+41",
      "title": "Doctor Strange in the Multiverse of Madness",
      "fullTitle": "Doctor Strange in the Multiverse of Madness (2022)",
      "year": "2022",
      "image": "https://m.media-amazon.com/images/M/MV5BZDg5ZDg2MWQtM2ExNi00ZjEzLTgzMDQtZmJlYWEwYmM4ODUxXkEyXkFqcGdeQXVyMDM2NDM2MQ@@._V1_SX300.jpg",
      "crew": "Sam Raimi (dir.), Elizabeth Olsen, Benedict Cumberbatch",
      "imDbRating": "",
      "imDbRatingCount": "0"
    },
    {
      "id": "tt6856242",
      "rank": "3",
      "rankUpDown": "+1",
      "title": "The King's Man",
      "fullTitle": "The King's Man (2021)",
      "year": "2021",
      "image": "https://m.media-amazon.com/images/M/MV5BMDEzZDY2ZDktNTlmOS00NThjLThkNTEtMjE5MzI5NWEwZmRjXkEyXkFqcGdeQXVyMDA4NzMyOA@@._V1_SX300.jpg",
      "crew": "Matthew Vaughn (dir.), Ralph Fiennes, Gemma Arterton",
      "imDbRating": "6.4",
      "imDbRatingCount": "68194"
    },
    {
      "id": "tt7657566",
      "rank": "4",
      "rankUpDown": "-1",
      "title": "Death on the Nile",
      "fullTitle": "Death on the Nile (2022)",
      "year": "2022",
      "image": "https://m.media-amazon.com/images/M/MV5BNjI4ZTQ1OTYtNTI0Yi00M2EyLThiNjMtMzk1MmZlOWMyMDQwXkEyXkFqcGdeQXVyMTEyMjM2NDc2._V1_SX300.jpg",
      "crew": "Kenneth Branagh (dir.), Tom Bateman, Annette Bening",
      "imDbRating": "6.6",
      "imDbRatingCount": "21601"
    },
    {
      "id": "tt1877830",
      "rank": "5",
      "rankUpDown": "+4",
      "title": "The Batman",
      "fullTitle": "The Batman (2022)",
      "year": "2022",
      "image": "https://m.media-amazon.com/images/M/MV5BYTExZTdhY2ItNGQ1YS00NjJlLWIxMjYtZTI1MzNlMzY0OTk4XkEyXkFqcGdeQXVyMTEyMjM2NDc2._V1_SX300.jpg",
      "crew": "Matt Reeves (dir.), Zoë Kravitz, Robert Pattinson",
      "imDbRating": "",
      "imDbRatingCount": "0"
    },
    {
      "id": "tt7740496",
      "rank": "6",
      "rankUpDown": "-5",
      "title": "Nightmare Alley",
      "fullTitle": "Nightmare Alley (2021)",
      "year": "2021",
      "image": "https://m.media-amazon.com/images/M/MV5BOTI4NDhhNGEtZjQxZC00ZTRmLThmZTctOGJmY2ZlOTc0ZGY0XkEyXkFqcGdeQXVyMTkxNjUyNQ@@._V1_SX300.jpg",
      "crew": "Guillermo del Toro (dir.), Bradley Cooper, Cate Blanchett",
      "imDbRating": "7.2",
      "imDbRatingCount": "66867"
    },
    {
      "id": "tt11755740",
      "rank": "7",
      "rankUpDown": "+138",
      "title": "Texas Chainsaw Massacre",
      "fullTitle": "Texas Chainsaw Massacre (2022)",
      "year": "2022",
      "image": "https://m.media-amazon.com/images/M/MV5BMDU4Yzk1NmUtNDU4OC00YzVmLTgwOTUtYTY2NjNmMjY5YjVmXkEyXkFqcGdeQXVyMTQxNzMzNDI@._V1_SX300.jpg",
      "crew": "David Blue Garcia (dir.), Sarah Yarkin, Elsie Fisher",
      "imDbRating": "4.9",
      "imDbRatingCount": "30127"
    },
    {
      "id": "tt10293406",
      "rank": "8",
      "rankUpDown": "-6",
      "title": "The Power of the Dog",
      "fullTitle": "The Power of the Dog (2021)",
      "year": "2021",
      "image": "https://m.media-amazon.com/images/M/MV5BZGRhYjE2NWUtN2FkNy00NGI3LTkxYWMtMDk4Yjg5ZjI3MWI2XkEyXkFqcGdeQXVyMTEyMjM2NDc2._V1_SX300.jpg",
      "crew": "Jane Campion (dir.), Benedict Cumberbatch, Kirsten Dunst",
      "imDbRating": "6.9",
      "imDbRatingCount": "117153"
    },
    {
      "id": "tt10223460",
      "rank": "9",
      "rankUpDown": "+1",
      "title": "Marry Me",
      "fullTitle": "Marry Me (2022)",
      "year": "2022",
      "image": "https://m.media-amazon.com/images/M/MV5BMjczZjI2M2UtOGMwOS00YWFhLTg0OTYtZDY5ZWIwNjhlOWI2XkEyXkFqcGdeQXVyMTQzNTA5MzYz._V1_SX300.jpg",
      "crew": "Kat Coiro (dir.), Jennifer Lopez, Owen Wilson",
      "imDbRating": "6.1",
      "imDbRatingCount": "12983"
    },
    {
      "id": "tt10872600",
      "rank": "10",
      "rankUpDown": "-3",
      "title": "Spider-Man: No Way Home",
      "fullTitle": "Spider-Man: No Way Home (2021)",
      "year": "2021",
      "image": "https://m.media-amazon.com/images/M/MV5BZWMyYzFjYTYtNTRjYi00OGExLWE2YzgtOGRmYjAxZTU3NzBiXkEyXkFqcGdeQXVyMzQ0MzA0NTM@._V1_SX300.jpg",
      "crew": "Jon Watts (dir.), Tom Holland, Zendaya",
      "imDbRating": "8.7",
      "imDbRatingCount": "474156"
    },
    {
      "id": "tt2953050",
      "rank": "11",
      "rankUpDown": "-6",
      "title": "Encanto",
      "fullTitle": "Encanto (2021)",
      "year": "2021",
      "image": "https://m.media-amazon.com/images/M/MV5BNjE5NzA4ZDctOTJkZi00NzM0LTkwOTYtMDI4MmNkMzIxODhkXkEyXkFqcGdeQXVyNjY1MTg4Mzc@._V1_SX300.jpg",
      "crew": "Jared Bush (dir.), Stephanie Beatriz, María Cecilia Botero",
      "imDbRating": "7.3",
      "imDbRatingCount": "150853"
    },
    {
      "id": "tt11245972",
      "rank": "12",
      "rankUpDown": "+14",
      "title": "Scream",
      "fullTitle": "Scream (2022)",
      "year": "2022",
      "image": "https://m.media-amazon.com/images/M/MV5BM2E4ZGFmZTgtMDVkYS00ZTk0LWIzYWMtODk5OGVmYmEyMzEzXkEyXkFqcGdeQXVyODk4OTc3MTY@._V1_SX300.jpg",
      "crew": "Matt Bettinelli-Olpin (dir.), Neve Campbell, Courteney Cox",
      "imDbRating": "6.7",
      "imDbRatingCount": "54953"
    },
    {
      "id": "tt14992922",
      "rank": "13",
      "rankUpDown": "-5",
      "title": "The Tinder Swindler",
      "fullTitle": "The Tinder Swindler (2022)",
      "year": "2022",
      "image": "https://m.media-amazon.com/images/M/MV5BMTkwMTg2YWYtOGU5MS00YTdhLTg4N2QtYzcyZDE0MTlmNDU3XkEyXkFqcGdeQXVyMTQxNzMzNDI@._V1_SX300.jpg",
      "crew": "Felicity Morris (dir.), Kristoffer Kumar, Cecilie Fjellhøy",
      "imDbRating": "7.2",
      "imDbRatingCount": "37981"
    },
    {
      "id": "tt8041270",
      "rank": "14",
      "rankUpDown": "-2",
      "title": "Jurassic World Dominion",
      "fullTitle": "Jurassic World Dominion (2022)",
      "year": "2022",
      "image": "https://m.media-amazon.com/images/M/MV5BMjQzZTA2MmEtNDcwYy00ZWE0LWFlODMtOWQ2MzRjNTgyYmVkXkEyXkFqcGdeQXVyMTkxNjUyNQ@@._V1_SX300.jpg",
      "crew": "Colin Trevorrow (dir.), Bryce Dallas Howard, Chris Pratt",
      "imDbRating": "",
      "imDbRatingCount": "0"
    },
    {
      "id": "tt3704428",
      "rank": "15",
      "rankUpDown": "2,542",
      "title": "Elvis",
      "fullTitle": "Elvis (2022)",
      "year": "2022",
      "image": "https://m.media-amazon.com/images/M/MV5BNjhiODE0ZjktYzVhYS00ODRlLTkwZjYtYjRlNjg5YzI1MzZlXkEyXkFqcGdeQXVyNjY1MTg4Mzc@._V1_SX300.jpg",
      "crew": "Baz Luhrmann (dir.), Tom Hanks, Austin Butler",
      "imDbRating": "",
      "imDbRatingCount": "0"
    },
    {
      "id": "tt14128670",
      "rank": "16",
      "rankUpDown": "+7",
      "title": "Kimi",
      "fullTitle": "Kimi (2022)",
      "year": "2022",
      "image": "https://m.media-amazon.com/images/M/MV5BYjFmOWUwYjgtM2UyYS00M2FmLTgwNmUtMWIwNTc2ZTgzNmRhXkEyXkFqcGdeQXVyMTEyMjM2NDc2._V1_SX300.jpg",
      "crew": "Steven Soderbergh (dir.), Zoë Kravitz, Erika Christensen",
      "imDbRating": "6.3",
      "imDbRatingCount": "11690"
    },
    {
      "id": "tt10954984",
      "rank": "17",
      "rankUpDown": "+116",
      "title": "Nope",
      "fullTitle": "Nope (2022)",
      "year": "2022",
      "image": "https://m.media-amazon.com/images/M/MV5BMGIyNTI3NWItNTJkOS00MGYyLWE4NjgtZDhjMWQ4Y2JkZTU5XkEyXkFqcGdeQXVyNjY1MTg4Mzc@._V1_SX300.jpg",
      "crew": "Jordan Peele (dir.), Barbie Ferreira, Keke Palmer",
      "imDbRating": "",
      "imDbRatingCount": "0"
    },
    {
      "id": "tt6462958",
      "rank": "18",
      "rankUpDown": "+21",
      "title": "I Want You Back",
      "fullTitle": "I Want You Back (2022)",
      "year": "2022",
      "image": "https://m.media-amazon.com/images/M/MV5BZTVhMThmNGEtMzZiYy00MDQ4LTg2NjEtOTJlZGM1MThjMDk5XkEyXkFqcGdeQXVyODk4OTc3MTY@._V1_SX300.jpg",
      "crew": "Jason Orley (dir.), Charlie Day, Jenny Slate",
      "imDbRating": "6.6",
      "imDbRatingCount": "7575"
    },
    {
      "id": "tt4513678",
      "rank": "19",
      "rankUpDown": "-2",
      "title": "Ghostbusters: Afterlife",
      "fullTitle": "Ghostbusters: Afterlife (2021)",
      "year": "2021",
      "image": "https://m.media-amazon.com/images/M/MV5BMmZiMjdlN2UtYzdiZS00YjgxLTgyZGMtYzE4ZGU5NTlkNjhhXkEyXkFqcGdeQXVyMTEyMjM2NDc2._V1_SX300.jpg",
      "crew": "Jason Reitman (dir.), Carrie Coon, Paul Rudd",
      "imDbRating": "7.2",
      "imDbRatingCount": "121983"
    },
    {
      "id": "tt11286314",
      "rank": "20",
      "rankUpDown": "-5",
      "title": "Don't Look Up",
      "fullTitle": "Don't Look Up (2021)",
      "year": "2021",
      "image": "https://m.media-amazon.com/images/M/MV5BZjcwZjY3NjAtNzkxZS00NmFjLTg1OGYtODJmMThhY2UwMTc5XkEyXkFqcGdeQXVyODE5NzE3OTE@._V1_SX300.jpg",
      "crew": "Adam McKay (dir.), Leonardo DiCaprio, Jennifer Lawrence",
      "imDbRating": "7.2",
      "imDbRatingCount": "442357"
    },
    {
      "id": "tt11271038",
      "rank": "21",
      "rankUpDown": "-5",
      "title": "Licorice Pizza",
      "fullTitle": "Licorice Pizza (2021)",
      "year": "2021",
      "image": "https://m.media-amazon.com/images/M/MV5BZTgxMWJkMzItMzg1YS00NDJiLTljYjctMTc2YzQzZDZjZDAyXkEyXkFqcGdeQXVyODQ2OTIzNDU@._V1_SX300.jpg",
      "crew": "Paul Thomas Anderson (dir.), Alana Haim, Cooper Hoffman",
      "imDbRating": "7.6",
      "imDbRatingCount": "39008"
    },
    {
      "id": "tt11466222",
      "rank": "22",
      "rankUpDown": "-16",
      "title": "Jackass Forever",
      "fullTitle": "Jackass Forever (2022)",
      "year": "2022",
      "image": "https://m.media-amazon.com/images/M/MV5BMjY3OTBlODktYzliNS00Y2VkLWJhZjktZDcwY2E2YzhmOThhXkEyXkFqcGdeQXVyOTg4MDMxODM@._V1_SX300.jpg",
      "crew": "Jeff Tremaine (dir.), Johnny Knoxville, Steve-O",
      "imDbRating": "7.6",
      "imDbRatingCount": "10831"
    },
    {
      "id": "tt1160419",
      "rank": "23",
      "rankUpDown": "-4",
      "title": "Dune",
      "fullTitle": "Dune (2021)",
      "year": "2021",
      "image": "https://m.media-amazon.com/images/M/MV5BN2FjNmEyNWMtYzM0ZS00NjIyLTg5YzYtYThlMGVjNzE1OGViXkEyXkFqcGdeQXVyMTkxNjUyNQ@@._V1_SX300.jpg",
      "crew": "Denis Villeneuve (dir.), Timothée Chalamet, Rebecca Ferguson",
      "imDbRating": "8.1",
      "imDbRatingCount": "494799"
    },
    {
      "id": "tt11214590",
      "rank": "24",
      "rankUpDown": "-10",
      "title": "House of Gucci",
      "fullTitle": "House of Gucci (2021)",
      "year": "2021",
      "image": "https://m.media-amazon.com/images/M/MV5BYzdlMTMyZWQtZWNmMC00MTJiLWIyMWMtM2ZlZDdlYzZhNTc0XkEyXkFqcGdeQXVyMTMzNDE5NDM2._V1_SX300.jpg",
      "crew": "Ridley Scott (dir.), Lady Gaga, Adam Driver",
      "imDbRating": "6.7",
      "imDbRatingCount": "78243"
    },
    {
      "id": "tt9032400",
      "rank": "25",
      "rankUpDown": "-4",
      "title": "Eternals",
      "fullTitle": "Eternals (2021)",
      "year": "2021",
      "image": "https://m.media-amazon.com/images/M/MV5BMTExZmVjY2ItYTAzYi00MDdlLWFlOWItNTJhMDRjMzQ5ZGY0XkEyXkFqcGdeQXVyODIyOTEyMzY@._V1_SX300.jpg",
      "crew": "Chloé Zhao (dir.), Gemma Chan, Richard Madden",
      "imDbRating": "6.4",
      "imDbRatingCount": "261082"
    },
    {
      "id": "tt5834426",
      "rank": "26",
      "rankUpDown": "-15",
      "title": "Moonfall",
      "fullTitle": "Moonfall (2022)",
      "year": "2022",
      "image": "https://m.media-amazon.com/images/M/MV5BZjk0OWZiN2ItNmQ2YS00NTJmLTg0MjItNzM4NzBkMWM1ZTRlXkEyXkFqcGdeQXVyMjMxOTE0ODA@._V1_SX300.jpg",
      "crew": "Roland Emmerich (dir.), Halle Berry, Patrick Wilson",
      "imDbRating": "5.3",
      "imDbRatingCount": "12446"
    },
    {
      "id": "tt11252248",
      "rank": "27",
      "rankUpDown": "+51",
      "title": "Dog",
      "fullTitle": "Dog (2022)",
      "year": "2022",
      "image": "https://m.media-amazon.com/images/M/MV5BZDRiNDFmMGYtOWY3Ni00ZjUxLTkzZGYtODZiNmIxZGRiZTM4XkEyXkFqcGdeQXVyMDM2NDM2MQ@@._V1_SX300.jpg",
      "crew": "Reid Carolin (dir.), Channing Tatum, Q'orianka Kilcher",
      "imDbRating": "6.8",
      "imDbRatingCount": "1720"
    },
    {
      "id": "tt12789558",
      "rank": "28",
      "rankUpDown": "-10",
      "title": "Belfast",
      "fullTitle": "Belfast (2021)",
      "year": "2021",
      "image": "https://m.media-amazon.com/images/M/MV5BODMwYTYyY2ItOWQ5Yi00OTI1LTllYTQtYTdlNWM4YzJhYTM0XkEyXkFqcGdeQXVyMTA2MDU0NjM5._V1_SX300.jpg",
      "crew": "Kenneth Branagh (dir.), Jude Hill, Lewis McAskie",
      "imDbRating": "7.4",
      "imDbRatingCount": "32246"
    },
    {
      "id": "tt10733228",
      "rank": "29",
      "rankUpDown": "+1",
      "title": "Gehraiyaan",
      "fullTitle": "Gehraiyaan (2022)",
      "year": "2022",
      "image": "https://m.media-amazon.com/images/M/MV5BOGRhZmVhMzQtYWRhZC00MDYwLTlmMTMtZGNhYzgzOTZlZmMyXkEyXkFqcGdeQXVyMTI1NDEyNTM5._V1_SX300.jpg",
      "crew": "Shakun Batra (dir.), Deepika Padukone, Siddhant Chaturvedi",
      "imDbRating": "6.3",
      "imDbRatingCount": "34391"
    },
    {
      "id": "tt10131024",
      "rank": "30",
      "rankUpDown": "+19",
      "title": "Shut In",
      "fullTitle": "Shut In (2022)",
      "year": "2022",
      "image": "https://m.media-amazon.com/images/M/MV5BYzA2NjQ1NGMtMzdjMi00NTM3LTk0NjEtMDJkNTk3M2JlMjc2XkEyXkFqcGdeQXVyMTMwMjk4ODU1._V1_SX300.jpg",
      "crew": "D.J. Caruso (dir.), Rainey Qualley, Jake Horowitz",
      "imDbRating": "6.5",
      "imDbRatingCount": "4316"
    },
    {
      "id": "tt11541872",
      "rank": "31",
      "rankUpDown": "+71",
      "title": "Big Bug",
      "fullTitle": "Big Bug (2022)",
      "year": "2022",
      "image": "https://m.media-amazon.com/images/M/MV5BN2YxMzViODItZmRmYi00N2Y3LWI2ZDktNWZlODY0NjhhNGVlXkEyXkFqcGdeQXVyMTUwOTU0Mw@@._V1_SX300.jpg",
      "crew": "Jean-Pierre Jeunet (dir.), Isabelle Nanty, Elsa Zylberstein",
      "imDbRating": "5.4",
      "imDbRatingCount": "4749"
    },
    {
      "id": "tt14158554",
      "rank": "32",
      "rankUpDown": "2,710",
      "title": "Fistful of Vengeance",
      "fullTitle": "Fistful of Vengeance (2022)",
      "year": "2022",
      "image": "https://m.media-amazon.com/images/M/MV5BMmI3YTI2ZWMtYjE3MC00N2IwLWEwOTYtMTY3ZjMxMGM5NTFlXkEyXkFqcGdeQXVyMTEzMTI1Mjk3._V1_SX300.jpg",
      "crew": "Roel Reiné (dir.), Iko Uwais, Lewis Tan",
      "imDbRating": "4.6",
      "imDbRatingCount": "4231"
    },
    {
      "id": "tt6467266",
      "rank": "33",
      "rankUpDown": "-5",
      "title": "Sing 2",
      "fullTitle": "Sing 2 (2021)",
      "year": "2021",
      "image": "https://m.media-amazon.com/images/M/MV5BMWRiZGQ1NDMtODQ2OS00MDlhLWJkZGYtM2ZmNjlhZThjOWRmXkEyXkFqcGdeQXVyMTkxNjUyNQ@@._V1_SX300.jpg",
      "crew": "Garth Jennings (dir.), Matthew McConaughey, Reese Witherspoon",
      "imDbRating": "7.5",
      "imDbRatingCount": "34583"
    },
    {
      "id": "tt10366460",
      "rank": "34",
      "rankUpDown": "-14",
      "title": "CODA",
      "fullTitle": "CODA (2021)",
      "year": "2021",
      "image": "https://m.media-amazon.com/images/M/MV5BNGNmMzJjMTItODA0OC00ZWM0LWJmMTctMDg3MzM2M2Y5NTIyXkEyXkFqcGdeQXVyMDM2NDM2MQ@@._V1_SX300.jpg",
      "crew": "Sian Heder (dir.), Emilia Jones, Marlee Matlin",
      "imDbRating": "8.1",
      "imDbRatingCount": "53159"
    },
    {
      "id": "tt12536294",
      "rank": "35",
      "rankUpDown": "-6",
      "title": "Spencer",
      "fullTitle": "Spencer (2021)",
      "year": "2021",
      "image": "https://m.media-amazon.com/images/M/MV5BMTdkZDc4YmQtYzA3My00NzliLThjN2YtMDIwMDkxY2Y4ODdmXkEyXkFqcGdeQXVyMTA2MDU0NjM5._V1_SX300.jpg",
      "crew": "Pablo Larraín (dir.), Kristen Stewart, Timothy Spall",
      "imDbRating": "6.7",
      "imDbRatingCount": "42892"
    },
    {
      "id": "tt9907782",
      "rank": "36",
      "rankUpDown": "+226",
      "title": "The Cursed",
      "fullTitle": "The Cursed (2021)",
      "year": "2021",
      "image": "https://m.media-amazon.com/images/M/MV5BMjllNWFhZWUtN2NlNi00NDBmLWE5MjgtMGM3ZGQyNjk1NjQ5XkEyXkFqcGdeQXVyMTM1MTE1NDMx._V1_SX300.jpg",
      "crew": "Sean Ellis (dir.), Boyd Holbrook, Kelly Reilly",
      "imDbRating": "6.4",
      "imDbRatingCount": "1505"
    },
    {
      "id": "tt7740510",
      "rank": "37",
      "rankUpDown": "+66",
      "title": "Antlers",
      "fullTitle": "Antlers (2021)",
      "year": "2021",
      "image": "https://m.media-amazon.com/images/M/MV5BY2UzODAyNjktN2MwYy00M2RkLThiOTEtMjU1MTgxY2EzM2YyXkEyXkFqcGdeQXVyODk5MDA0MDU@._V1_SX300.jpg",
      "crew": "Scott Cooper (dir.), Keri Russell, Jesse Plemons",
      "imDbRating": "5.9",
      "imDbRatingCount": "26778"
    },
    {
      "id": "tt10370710",
      "rank": "38",
      "rankUpDown": "-6",
      "title": "The Worst Person in the World",
      "fullTitle": "The Worst Person in the World (2021)",
      "year": "2021",
      "image": "https://m.media-amazon.com/images/M/MV5BZmNmNWM5ZGMtYjM0My00NjliLWFlODYtZTY0ZTYzNjgxYjExXkEyXkFqcGdeQXVyMTAyMjQ3NzQ1._V1_SX300.jpg",
      "crew": "Joachim Trier (dir.), Renate Reinsve, Anders Danielsen Lie",
      "imDbRating": "7.9",
      "imDbRatingCount": "21195"
    },
    {
      "id": "tt2463208",
      "rank": "39",
      "rankUpDown": "+1",
      "title": "The Adam Project",
      "fullTitle": "The Adam Project (2022)",
      "year": "2022",
      "image": "https://m.media-amazon.com/images/M/MV5BOWY3ZWFkZmItNDE3Ny00ZTBhLTg0NjQtY2E2ZGEyNmEwODA3XkEyXkFqcGdeQXVyMTkxNjUyNQ@@._V1_SX300.jpg",
      "crew": "Shawn Levy (dir.), Ryan Reynolds, Mark Ruffalo",
      "imDbRating": "",
      "imDbRatingCount": "0"
    },
    {
      "id": "tt4244994",
      "rank": "40",
      "rankUpDown": "-9",
      "title": "The Last Duel",
      "fullTitle": "The Last Duel (2021)",
      "year": "2021",
      "image": "https://m.media-amazon.com/images/M/MV5BZGExZTUzYWQtYWJjZi00OTI4LTk4OGYtNTA2YzcwMmNiZTMxXkEyXkFqcGdeQXVyMTEyMjM2NDc2._V1_SX300.jpg",
      "crew": "Ridley Scott (dir.), Matt Damon, Adam Driver",
      "imDbRating": "7.4",
      "imDbRatingCount": "121606"
    },
    {
      "id": "tt10838180",
      "rank": "41",
      "rankUpDown": "-8",
      "title": "The Matrix Resurrections",
      "fullTitle": "The Matrix Resurrections (2021)",
      "year": "2021",
      "image": "https://m.media-amazon.com/images/M/MV5BMGJkNDJlZWUtOGM1Ny00YjNkLThiM2QtY2ZjMzQxMTIxNWNmXkEyXkFqcGdeQXVyMDM2NDM2MQ@@._V1_SX300.jpg",
      "crew": "Lana Wachowski (dir.), Keanu Reeves, Carrie-Anne Moss",
      "imDbRating": "5.7",
      "imDbRatingCount": "199250"
    },
    {
      "id": "tt0439572",
      "rank": "42",
      "rankUpDown": "+59",
      "title": "The Flash",
      "fullTitle": "The Flash (2022)",
      "year": "2022",
      "image": "https://m.media-amazon.com/images/M/MV5BOWNhMGU5MjEtMGVkYi00M2RiLWE5NjUtY2U5NDAxZTcwNDY0XkEyXkFqcGdeQXVyODk4OTc3MTY@._V1_SX300.jpg",
      "crew": "Andy Muschietti (dir.), Temuera Morrison, Ben Affleck",
      "imDbRating": "",
      "imDbRatingCount": "0"
    },
    {
      "id": "tt8721424",
      "rank": "43",
      "rankUpDown": "-9",
      "title": "tick, tick...BOOM!",
      "fullTitle": "tick, tick...BOOM! (2021)",
      "year": "2021",
      "image": "https://m.media-amazon.com/images/M/MV5BZmMyMmE0M2UtN2E2MC00YzVmLTkwODgtOTVhYjVlOTBhY2RjXkEyXkFqcGdeQXVyODk4OTc3MTY@._V1_SX300.jpg",
      "crew": "Lin-Manuel Miranda (dir.), Andrew Garfield, Alexandra Shipp",
      "imDbRating": "7.6",
      "imDbRatingCount": "77915"
    },
    {
      "id": "tt8847712",
      "rank": "44",
      "rankUpDown": "+6",
      "title": "The French Dispatch",
      "fullTitle": "The French Dispatch (2021)",
      "year": "2021",
      "image": "https://m.media-amazon.com/images/M/MV5BNmQxZTNiODYtNzBhYy00MzVlLWJlN2UtNTc4YWZjMDIwMmEzXkEyXkFqcGdeQXVyMTkxNjUyNQ@@._V1_SX300.jpg",
      "crew": "Wes Anderson (dir.), Benicio Del Toro, Adrien Brody",
      "imDbRating": "7.3",
      "imDbRatingCount": "83063"
    },
    {
      "id": "tt2382320",
      "rank": "45",
      "rankUpDown": "-3",
      "title": "No Time to Die",
      "fullTitle": "No Time to Die (2021)",
      "year": "2021",
      "image": "https://m.media-amazon.com/images/M/MV5BYWQ2NzQ1NjktMzNkNS00MGY1LTgwMmMtYTllYTI5YzNmMmE0XkEyXkFqcGdeQXVyMjM4NTM5NDY@._V1_SX300.jpg",
      "crew": "Cary Joji Fukunaga (dir.), Daniel Craig, Ana de Armas",
      "imDbRating": "7.3",
      "imDbRatingCount": "317632"
    },
    {
      "id": "tt14039582",
      "rank": "46",
      "rankUpDown": "-19",
      "title": "Drive My Car",
      "fullTitle": "Drive My Car (2021)",
      "year": "2021",
      "image": "https://m.media-amazon.com/images/M/MV5BYTQ0MmJiODMtOGQ5Ni00OTUzLWI0ODUtYjM1YTA1NTMzODc0XkEyXkFqcGdeQXVyODgzNDIwODA@._V1_SX300.jpg",
      "crew": "Ryûsuke Hamaguchi (dir.), Hidetoshi Nishijima, Tôko Miura",
      "imDbRating": "7.8",
      "imDbRatingCount": "14807"
    },
    {
      "id": "tt9100054",
      "rank": "47",
      "rankUpDown": "-12",
      "title": "The Lost Daughter",
      "fullTitle": "The Lost Daughter (2021)",
      "year": "2021",
      "image": "https://m.media-amazon.com/images/M/MV5BZTJmYTJmYTktMzU1Yy00ZTZlLTgzNjItYmY4ZDFjZGFjYjZhXkEyXkFqcGdeQXVyMTEyMjM2NDc2._V1_SX300.jpg",
      "crew": "Maggie Gyllenhaal (dir.), Olivia Colman, Jessie Buckley",
      "imDbRating": "6.7",
      "imDbRatingCount": "43757"
    },
    {
      "id": "tt3402236",
      "rank": "48",
      "rankUpDown": "+7",
      "title": "Murder on the Orient Express",
      "fullTitle": "Murder on the Orient Express (2017)",
      "year": "2017",
      "image": "https://m.media-amazon.com/images/M/MV5BMTAxNDkxODIyMDZeQTJeQWpwZ15BbWU4MDQ2Mjg4NDIy._V1_SX300.jpg",
      "crew": "Kenneth Branagh (dir.), Kenneth Branagh, Penélope Cruz",
      "imDbRating": "6.5",
      "imDbRatingCount": "235321"
    },
    {
      "id": "tt6443346",
      "rank": "49",
      "rankUpDown": "+49",
      "title": "Black Adam",
      "fullTitle": "Black Adam (2022)",
      "year": "2022",
      "image": "https://m.media-amazon.com/images/M/MV5BNTAxMGQ2NTQtMDYwMC00NDQ3LTgwYTAtOWYzMjE4OGVkZjk2XkEyXkFqcGdeQXVyODk4OTc3MTY@._V1_SX300.jpg",
      "crew": "Jaume Collet-Serra (dir.), James Cusati-Moyer, Dwayne Johnson",
      "imDbRating": "",
      "imDbRatingCount": "0"
    },
    {
      "id": "tt6334354",
      "rank": "50",
      "rankUpDown": "+3",
      "title": "The Suicide Squad",
      "fullTitle": "The Suicide Squad (2021)",
      "year": "2021",
      "image": "https://m.media-amazon.com/images/M/MV5BNGM3YzdlOWYtNjViZS00MTE2LWE1MWUtZmE2ZTcxZjcyMmU3XkEyXkFqcGdeQXVyODEyMTI1MjA@._V1_SX300.jpg",
      "crew": "James Gunn (dir.), Margot Robbie, Idris Elba",
      "imDbRating": "7.2",
      "imDbRatingCount": "306536"
    },
    {
      "id": "tt14060094",
      "rank": "51",
      "rankUpDown": "+8",
      "title": "Blacklight",
      "fullTitle": "Blacklight (2022)",
      "year": "2022",
      "image": "https://m.media-amazon.com/images/M/MV5BY2ViYmNhNzEtZDJhNS00YzM4LTkzZWItZDJiNzc5ZDExOWZmXkEyXkFqcGdeQXVyMDA4NzMyOA@@._V1_SX300.jpg",
      "crew": "Mark Williams (dir.), Liam Neeson, Aidan Quinn",
      "imDbRating": "5.0",
      "imDbRatingCount": "1372"
    },
    {
      "id": "tt8550054",
      "rank": "52",
      "rankUpDown": "+24",
      "title": "Pleasure",
      "fullTitle": "Pleasure (2021)",
      "year": "2021",
      "image": "https://m.media-amazon.com/images/M/MV5BMDUzMmIwYWMtMjNjOS00NGNkLThkY2MtOGNlOTY1ZWVkYjRkXkEyXkFqcGdeQXVyNjczMzgwMDg@._V1_SX300.jpg",
      "crew": "Ninja Thyberg (dir.), Sofia Kappel, Zelda Morrison",
      "imDbRating": "6.3",
      "imDbRatingCount": "6389"
    },
    {
      "id": "tt13403046",
      "rank": "53",
      "rankUpDown": "+398",
      "title": "Fresh",
      "fullTitle": "Fresh (2022)",
      "year": "2022",
      "image": "https://m.media-amazon.com/images/M/MV5BYTUzNDY5MjctYmJjNi00NDQzLTg4M2UtYTExMTI1ZTVlMzE2XkEyXkFqcGdeQXVyODc0OTEyNDU@._V1_SX300.jpg",
      "crew": "Mimi Cave (dir.), Daisy Edgar-Jones, Sebastian Stan",
      "imDbRating": "6.9",
      "imDbRatingCount": "311"
    },
    {
      "id": "tt2802144",
      "rank": "54",
      "rankUpDown": "+23",
      "title": "Kingsman: The Secret Service",
      "fullTitle": "Kingsman: The Secret Service (2014)",
      "year": "2014",
      "image": "https://m.media-amazon.com/images/M/MV5BYTM3ZTllNzItNTNmOS00NzJiLTg1MWMtMjMxNDc0NmJhODU5XkEyXkFqcGdeQXVyODE5NzE3OTE@._V1_SX300.jpg",
      "crew": "Matthew Vaughn (dir.), Colin Firth, Taron Egerton",
      "imDbRating": "7.7",
      "imDbRatingCount": "640529"
    },
    {
      "id": "tt14592064",
      "rank": "55",
      "rankUpDown": "-30",
      "title": "Home Team",
      "fullTitle": "Home Team (2022)",
      "year": "2022",
      "image": "https://m.media-amazon.com/images/M/MV5BZmNkZjBhMmMtODBkMC00ZDU1LWEyMTEtOWQ3Zjc2ZWZjMmMxXkEyXkFqcGdeQXVyMTEzMTI1Mjk3._V1_SX300.jpg",
      "crew": "Charles Kinnane (dir.), Kevin James, Taylor Lautner",
      "imDbRating": "6.0",
      "imDbRatingCount": "13035"
    },
    {
      "id": "tt11365186",
      "rank": "56",
      "rankUpDown": "-10",
      "title": "Redeeming Love",
      "fullTitle": "Redeeming Love (2022)",
      "year": "2022",
      "image": "https://m.media-amazon.com/images/M/MV5BMTMxMmRmMWUtNGNhZS00MWYxLTkwNzUtM2QwNzI4MGU1ZTI2XkEyXkFqcGdeQXVyNTQ3MjE4NTU@._V1_SX300.jpg",
      "crew": "D.J. Caruso (dir.), Abigail Cowen, Tom Lewis",
      "imDbRating": "6.6",
      "imDbRatingCount": "2929"
    },
    {
      "id": "tt9620288",
      "rank": "57",
      "rankUpDown": "-20",
      "title": "King Richard",
      "fullTitle": "King Richard (2021)",
      "year": "2021",
      "image": "https://m.media-amazon.com/images/M/MV5BYTcyNmY4ZGEtYmE4Zi00ZDViLTlmYzMtMmQ4ZTM4OWNmZjQxXkEyXkFqcGdeQXVyMTkxNjUyNQ@@._V1_SX300.jpg",
      "crew": "Reinaldo Marcus Green (dir.), Will Smith, Aunjanue Ellis",
      "imDbRating": "7.6",
      "imDbRatingCount": "53827"
    },
    {
      "id": "tt16085592",
      "rank": "58",
      "rankUpDown": "+158",
      "title": "Tall Girl 2",
      "fullTitle": "Tall Girl 2 (2022)",
      "year": "2022",
      "image": "https://m.media-amazon.com/images/M/MV5BMjUwM2JiOWMtNDUyZi00Yjg1LThkMzQtYTM1NWE2YzIwOTNmXkEyXkFqcGdeQXVyMTEzMTI1Mjk3._V1_SX300.jpg",
      "crew": "Emily Ting (dir.), Ava Michelle, Griffin Gluck",
      "imDbRating": "4.7",
      "imDbRatingCount": "2606"
    },
    {
      "id": "tt6264654",
      "rank": "59",
      "rankUpDown": "-1",
      "title": "Free Guy",
      "fullTitle": "Free Guy (2021)",
      "year": "2021",
      "image": "https://m.media-amazon.com/images/M/MV5BOTY2NzFjODctOWUzMC00MGZhLTlhNjMtM2Y2ODBiNGY1ZWRiXkEyXkFqcGdeQXVyMDM2NDM2MQ@@._V1_SX300.jpg",
      "crew": "Shawn Levy (dir.), Ryan Reynolds, Jodie Comer",
      "imDbRating": "7.2",
      "imDbRatingCount": "287107"
    },
    {
      "id": "tt14463484",
      "rank": "60",
      "rankUpDown": "-36",
      "title": "Through My Window",
      "fullTitle": "Through My Window (2022)",
      "year": "2022",
      "image": "https://m.media-amazon.com/images/M/MV5BMmNkYWMwZjQtNDQyZC00OTgxLTk0ZWEtNmMwNzQ1MmQ2ODYyXkEyXkFqcGdeQXVyMTEzMTI1Mjk3._V1_SX300.jpg",
      "crew": "Marçal Forés (dir.), Clara Galle, Julio Peña",
      "imDbRating": "5.4",
      "imDbRatingCount": "5479"
    },
    {
      "id": "tt2180339",
      "rank": "61",
      "rankUpDown": "2,462",
      "title": "Deep Water",
      "fullTitle": "Deep Water (2022)",
      "year": "2022",
      "image": "https://m.media-amazon.com/images/M/MV5BNmEwNDU2NGYtMzM3Yy00N2E5LTg0ODQtODYyODFlMDU0YzI0XkEyXkFqcGdeQXVyODc0OTEyNDU@._V1_SX300.jpg",
      "crew": "Adrian Lyne (dir.), Ben Affleck, Ana de Armas",
      "imDbRating": "",
      "imDbRatingCount": "0"
    },
    {
      "id": "tt3581652",
      "rank": "62",
      "rankUpDown": "-26",
      "title": "West Side Story",
      "fullTitle": "West Side Story (2021)",
      "year": "2021",
      "image": "https://m.media-amazon.com/images/M/MV5BMzQ5ZDZhZDItZTNmZi00MWQ0LWJlNDUtZTE4ZWJmODNlM2Y3XkEyXkFqcGdeQXVyMDA4NzMyOA@@._V1_SX300.jpg",
      "crew": "Steven Spielberg (dir.), Ansel Elgort, Rachel Zegler",
      "imDbRating": "7.7",
      "imDbRatingCount": "31510"
    },
    {
      "id": "tt0087332",
      "rank": "63",
      "rankUpDown": "+3",
      "title": "Ghostbusters",
      "fullTitle": "Ghostbusters (1984)",
      "year": "1984",
      "image": "https://m.media-amazon.com/images/M/MV5BMTkxMjYyNzgwMl5BMl5BanBnXkFtZTgwMTE3MjYyMTE@._V1_SX300.jpg",
      "crew": "Ivan Reitman (dir.), Bill Murray, Dan Aykroyd",
      "imDbRating": "7.8",
      "imDbRatingCount": "400317"
    },
    {
      "id": "tt0102492",
      "rank": "64",
      "rankUpDown": "+650",
      "title": "My Girl",
      "fullTitle": "My Girl (1991)",
      "year": "1991",
      "image": "https://m.media-amazon.com/images/M/MV5BYWM2ZDliNjItZTcxOC00NTY2LWE1ODctNzRhNGM3YWIyYjBiXkEyXkFqcGdeQXVyNTIzOTk5ODM@._V1_SX300.jpg",
      "crew": "Howard Zieff (dir.), Anna Chlumsky, Macaulay Culkin",
      "imDbRating": "6.9",
      "imDbRatingCount": "78679"
    },
    {
      "id": "tt13320622",
      "rank": "65",
      "rankUpDown": "+10",
      "title": "The Lost City",
      "fullTitle": "The Lost City (2022)",
      "year": "2022",
      "image": "https://m.media-amazon.com/images/M/MV5BMmIwYzFhODAtY2I1YS00ZDdmLTkyYWQtZjI5NDIwMDc2MjEyXkEyXkFqcGdeQXVyODk4OTc3MTY@._V1_SX300.jpg",
      "crew": "Aaron Nee (dir.), Sandra Bullock, Brad Pitt",
      "imDbRating": "",
      "imDbRatingCount": "0"
    },
    {
      "id": "tt8851148",
      "rank": "66",
      "rankUpDown": "+29",
      "title": "The In Between",
      "fullTitle": "The In Between (2022)",
      "year": "2022",
      "image": "https://m.media-amazon.com/images/M/MV5BNGRjNWUxMzgtM2ZhZC00NmI3LThiNWEtNGFkNDk4OWRmYWI4XkEyXkFqcGdeQXVyMTM1MTE1NDMx._V1_SX300.jpg",
      "crew": "Arie Posin (dir.), Joey King, Kyle Allen",
      "imDbRating": "5.8",
      "imDbRatingCount": "924"
    },
    {
      "id": "tt8356942",
      "rank": "67",
      "rankUpDown": "-20",
      "title": "The 355",
      "fullTitle": "The 355 (2022)",
      "year": "2022",
      "image": "https://m.media-amazon.com/images/M/MV5BNzk4MDZhNTctMDA3OC00ODdkLWIyOWYtN2M0MzA3MDY5NDk1XkEyXkFqcGdeQXVyMTkxNjUyNQ@@._V1_SX300.jpg",
      "crew": "Simon Kinberg (dir.), Jessica Chastain, Penélope Cruz",
      "imDbRating": "5.1",
      "imDbRatingCount": "14981"
    },
    {
      "id": "tt7888964",
      "rank": "68",
      "rankUpDown": "-14",
      "title": "Nobody",
      "fullTitle": "Nobody (2021)",
      "year": "2021",
      "image": "https://m.media-amazon.com/images/M/MV5BMjM5YTRlZmUtZGVmYi00ZjE2LWIyNzAtOWVhMDk1MDdkYzhjXkEyXkFqcGdeQXVyMjMxOTE0ODA@._V1_SX300.jpg",
      "crew": "Ilya Naishuller (dir.), Bob Odenkirk, Aleksey Serebryakov",
      "imDbRating": "7.4",
      "imDbRatingCount": "207073"
    },
    {
      "id": "tt12889404",
      "rank": "69",
      "rankUpDown": "+10",
      "title": "Cyrano",
      "fullTitle": "Cyrano (2021)",
      "year": "2021",
      "image": "https://m.media-amazon.com/images/M/MV5BNDhhYjU4ZDMtYjI5OC00N2RkLTg5MGItZTNkM2Q5MzE5NjQxXkEyXkFqcGdeQXVyODk2NDQ3MTA@._V1_SX300.jpg",
      "crew": "Joe Wright (dir.), Peter Dinklage, Haley Bennett",
      "imDbRating": "5.9",
      "imDbRatingCount": "2468"
    },
    {
      "id": "tt8244784",
      "rank": "70",
      "rankUpDown": "-22",
      "title": "The Hunt",
      "fullTitle": "The Hunt (2020)",
      "year": "2020",
      "image": "https://m.media-amazon.com/images/M/MV5BNjg4MjRhZjgtNTIxOS00MmRjLTg4NTEtNjBkNzkwZjAxMjMyXkEyXkFqcGdeQXVyMTkxNjUyNQ@@._V1_SX300.jpg",
      "crew": "Craig Zobel (dir.), Betty Gilpin, Hilary Swank",
      "imDbRating": "6.5",
      "imDbRatingCount": "100253"
    },
    {
      "id": "tt10648342",
      "rank": "71",
      "rankUpDown": "+14",
      "title": "Thor: Love and Thunder",
      "fullTitle": "Thor: Love and Thunder (2022)",
      "year": "2022",
      "image": "https://m.media-amazon.com/images/M/MV5BMzZjMTIwNjYtYTg0ZS00ZDFjLTk3MDctMTY3ZTgwMjQ4MmFiXkEyXkFqcGdeQXVyNjg2NjQwMDQ@._V1_SX300.jpg",
      "crew": "Taika Waititi (dir.), Taika Waititi, Karen Gillan",
      "imDbRating": "",
      "imDbRatingCount": "0"
    },
    {
      "id": "tt7475578",
      "rank": "72",
      "rankUpDown": "-31",
      "title": "Munich: The Edge of War",
      "fullTitle": "Munich: The Edge of War (2021)",
      "year": "2021",
      "image": "https://m.media-amazon.com/images/M/MV5BODIwMDE0MTktZTVjNS00OTVmLTg1MDEtOWNhMmUzYmNkM2UyXkEyXkFqcGdeQXVyNTg1MDQzMDU@._V1_SX300.jpg",
      "crew": "Christian Schwochow (dir.), George MacKay, Jannis Niewöhner",
      "imDbRating": "6.9",
      "imDbRatingCount": "21373"
    },
    {
      "id": "tt11847410",
      "rank": "73",
      "rankUpDown": "-35",
      "title": "The Fallout",
      "fullTitle": "The Fallout (2021)",
      "year": "2021",
      "image": "https://m.media-amazon.com/images/M/MV5BMjM2MTg0MDUtZTMwOS00MTk3LTkzZWQtOTQ0ODY4MTI3MTMxXkEyXkFqcGdeQXVyMTM1MTE1NDMx._V1_SX300.jpg",
      "crew": "Megan Park (dir.), Jenna Ortega, Maddie Ziegler",
      "imDbRating": "7.1",
      "imDbRatingCount": "9017"
    },
    {
      "id": "tt10095582",
      "rank": "74",
      "rankUpDown": "-30",
      "title": "The Tragedy of Macbeth",
      "fullTitle": "The Tragedy of Macbeth (2021)",
      "year": "2021",
      "image": "https://m.media-amazon.com/images/M/MV5BMzM0YWNmMDEtNmI3Yy00NjQ4LWJlZjMtMzk2YjUxOThhZGQxXkEyXkFqcGdeQXVyMDM2NDM2MQ@@._V1_SX300.jpg",
      "crew": "Joel Coen (dir.), Denzel Washington, Frances McDormand",
      "imDbRating": "7.2",
      "imDbRatingCount": "23362"
    },
    {
      "id": "tt0111161",
      "rank": "75",
      "rankUpDown": "-5",
      "title": "The Shawshank Redemption",
      "fullTitle": "The Shawshank Redemption (1994)",
      "year": "1994",
      "image": "https://m.media-amazon.com/images/M/MV5BMDFkYTc0MGEtZmNhMC00ZDIzLWFmNTEtODM1ZmRlYWMwMWFmXkEyXkFqcGdeQXVyMTMxODk2OTU@._V1_SX300.jpg",
      "crew": "Frank Darabont (dir.), Tim Robbins, Morgan Freeman",
      "imDbRating": "9.3",
      "imDbRatingCount": "2550040"
    },
    {
      "id": "tt10886166",
      "rank": "76",
      "rankUpDown": "-3",
      "title": "365 Days",
      "fullTitle": "365 Days (2020)",
      "year": "2020",
      "image": "https://m.media-amazon.com/images/M/MV5BODljZTM3ODAtMDc0YS00NmI4LTlmZTUtM2I5MDAzNTQxZmMxXkEyXkFqcGdeQXVyMTEwMTY3NDI@._V1_SX300.jpg",
      "crew": "Barbara Bialowas (dir.), Anna Maria Sieklucka, Michele Morrone",
      "imDbRating": "3.3",
      "imDbRatingCount": "73408"
    },
    {
      "id": "tt11703710",
      "rank": "77",
      "rankUpDown": "+562",
      "title": "Downton Abbey: A New Era",
      "fullTitle": "Downton Abbey: A New Era (2022)",
      "year": "2022",
      "image": "https://m.media-amazon.com/images/M/MV5BN2VhNGRjZGYtZmFlZS00NWRmLWExOGUtMGU3ZWE2ZGZjNTgzXkEyXkFqcGdeQXVyMTEyMjM2NDc2._V1_SX300.jpg",
      "crew": "Simon Curtis (dir.), Maggie Smith, Michelle Dockery",
      "imDbRating": "",
      "imDbRatingCount": "0"
    },
    {
      "id": "tt9639470",
      "rank": "78",
      "rankUpDown": "-17",
      "title": "Last Night in Soho",
      "fullTitle": "Last Night in Soho (2021)",
      "year": "2021",
      "image": "https://m.media-amazon.com/images/M/MV5BZjgwZDIwY2MtNGZlNy00NGRlLWFmNTgtOTBkZThjMDUwMGJhXkEyXkFqcGdeQXVyMTEyMjM2NDc2._V1_SX300.jpg",
      "crew": "Edgar Wright (dir.), Thomasin McKenzie, Anya Taylor-Joy",
      "imDbRating": "7.1",
      "imDbRatingCount": "89305"
    },
    {
      "id": "tt15553956",
      "rank": "79",
      "rankUpDown": "+225",
      "title": "Love and Leashes",
      "fullTitle": "Love and Leashes (2022)",
      "year": "2022",
      "image": "https://m.media-amazon.com/images/M/MV5BZDBhMGEwM2MtYjUyNS00MDY0LWE1ZGEtOWI2NTBlZmJkNTFmXkEyXkFqcGdeQXVyMTEzMTI1Mjk3._V1_SX300.jpg",
      "crew": "Hyeon-jin Park (dir.), Seohyun, Joon-Young Lee",
      "imDbRating": "6.4",
      "imDbRatingCount": "2509"
    },
    {
      "id": "tt9376612",
      "rank": "80",
      "rankUpDown": "-12",
      "title": "Shang-Chi and the Legend of the Ten Rings",
      "fullTitle": "Shang-Chi and the Legend of the Ten Rings (2021)",
      "year": "2021",
      "image": "https://m.media-amazon.com/images/M/MV5BNTliYjlkNDQtMjFlNS00NjgzLWFmMWEtYmM2Mzc2Zjg3ZjEyXkEyXkFqcGdeQXVyMTkxNjUyNQ@@._V1_SX300.jpg",
      "crew": "Destin Daniel Cretton (dir.), Simu Liu, Awkwafina",
      "imDbRating": "7.5",
      "imDbRatingCount": "326360"
    },
    {
      "id": "tt0468569",
      "rank": "81",
      "rankUpDown": "-9",
      "title": "The Dark Knight",
      "fullTitle": "The Dark Knight (2008)",
      "year": "2008",
      "image": "https://m.media-amazon.com/images/M/MV5BMTMxNTMwODM0NF5BMl5BanBnXkFtZTcwODAyMTk2Mw@@._V1_SX300.jpg",
      "crew": "Christopher Nolan (dir.), Christian Bale, Heath Ledger",
      "imDbRating": "9.0",
      "imDbRatingCount": "2500595"
    },
    {
      "id": "tt0107290",
      "rank": "82",
      "rankUpDown": "+5",
      "title": "Jurassic Park",
      "fullTitle": "Jurassic Park (1993)",
      "year": "1993",
      "image": "https://m.media-amazon.com/images/M/MV5BMjM2MDgxMDg0Nl5BMl5BanBnXkFtZTgwNTM2OTM5NDE@._V1_SX300.jpg",
      "crew": "Steven Spielberg (dir.), Sam Neill, Laura Dern",
      "imDbRating": "8.1",
      "imDbRatingCount": "934447"
    },
    {
      "id": "tt5727208",
      "rank": "83",
      "rankUpDown": "+164",
      "title": "Uncut Gems",
      "fullTitle": "Uncut Gems (2019)",
      "year": "2019",
      "image": "https://m.media-amazon.com/images/M/MV5BZDhkMjUyYjItYWVkYi00YTM5LWE4MGEtY2FlMjA3OThlYmZhXkEyXkFqcGdeQXVyODk4OTc3MTY@._V1_SX300.jpg",
      "crew": "Benny Safdie (dir.), Adam Sandler, Julia Fox",
      "imDbRating": "7.4",
      "imDbRatingCount": "259489"
    },
    {
      "id": "tt8128276",
      "rank": "84",
      "rankUpDown": "+997",
      "title": "Ted K",
      "fullTitle": "Ted K (2021)",
      "year": "2021",
      "image": "https://m.media-amazon.com/images/M/MV5BYzVhZGIyODYtMTk0NS00MTcxLTg3OWUtYzVkY2FlMDA2MDYyXkEyXkFqcGdeQXVyMTM1MTE1NDMx._V1_SX300.jpg",
      "crew": "Tony Stone (dir.), Sharlto Copley, Drew Powell",
      "imDbRating": "6.1",
      "imDbRatingCount": "1042"
    },
    {
      "id": "tt4995540",
      "rank": "85",
      "rankUpDown": "-33",
      "title": "Being the Ricardos",
      "fullTitle": "Being the Ricardos (2021)",
      "year": "2021",
      "image": "https://m.media-amazon.com/images/M/MV5BNDlmZDU5MmUtNWFmMy00OTQ1LTk1YTctOTI3ZmU1YzZiYmZmXkEyXkFqcGdeQXVyMDM2NDM2MQ@@._V1_SX300.jpg",
      "crew": "Aaron Sorkin (dir.), Nicole Kidman, Javier Bardem",
      "imDbRating": "6.6",
      "imDbRatingCount": "30640"
    },
    {
      "id": "tt5537002",
      "rank": "86",
      "rankUpDown": "-3",
      "title": "Killers of the Flower Moon",
      "fullTitle": "Killers of the Flower Moon (2022)",
      "year": "2022",
      "image": "https://m.media-amazon.com/images/M/MV5BZmMyMDc4NWMtZmUzNC00ZjczLWE1ZmYtYWQ3ZTk4ODBmYzE2XkEyXkFqcGdeQXVyMTkxNjUyNQ@@._V1_SX300.jpg",
      "crew": "Martin Scorsese (dir.), Jesse Plemons, Leonardo DiCaprio",
      "imDbRating": "",
      "imDbRatingCount": "0"
    },
    {
      "id": "tt0072271",
      "rank": "87",
      "rankUpDown": "+419",
      "title": "The Texas Chain Saw Massacre",
      "fullTitle": "The Texas Chain Saw Massacre (1974)",
      "year": "1974",
      "image": "https://m.media-amazon.com/images/M/MV5BZDI3OWE0ZWMtNGJjOS00N2E4LWFiOTAtZjQ4OTNiNzIwN2NkXkEyXkFqcGdeQXVyMTQxNzMzNDI@._V1_SX300.jpg",
      "crew": "Tobe Hooper (dir.), Marilyn Burns, Edwin Neal",
      "imDbRating": "7.5",
      "imDbRatingCount": "153359"
    },
    {
      "id": "tt6920084",
      "rank": "88",
      "rankUpDown": "-23",
      "title": "Resident Evil: Welcome to Raccoon City",
      "fullTitle": "Resident Evil: Welcome to Raccoon City (2021)",
      "year": "2021",
      "image": "https://m.media-amazon.com/images/M/MV5BNjRmMDUxODctYjg3NC00NDRhLWJhZWItMjg0OTZkMDBjNWUxXkEyXkFqcGdeQXVyNjY1MTg4Mzc@._V1_SX300.jpg",
      "crew": "Johannes Roberts (dir.), Kaya Scodelario, Robbie Amell",
      "imDbRating": "5.2",
      "imDbRatingCount": "37164"
    },
    {
      "id": "tt4154796",
      "rank": "89",
      "rankUpDown": "-9",
      "title": "Avengers: Endgame",
      "fullTitle": "Avengers: Endgame (2019)",
      "year": "2019",
      "image": "https://m.media-amazon.com/images/M/MV5BMTc5MDE2ODcwNV5BMl5BanBnXkFtZTgwMzI2NzQ2NzM@._V1_SX300.jpg",
      "crew": "Anthony Russo (dir.), Robert Downey Jr., Chris Evans",
      "imDbRating": "8.4",
      "imDbRatingCount": "1017519"
    },
    {
      "id": "tt0816692",
      "rank": "90",
      "rankUpDown": "-8",
      "title": "Interstellar",
      "fullTitle": "Interstellar (2014)",
      "year": "2014",
      "image": "https://m.media-amazon.com/images/M/MV5BZjdkOTU3MDktN2IxOS00OGEyLWFmMjktY2FiMmZkNWIyODZiXkEyXkFqcGdeQXVyMTMxODk2OTU@._V1_SX300.jpg",
      "crew": "Christopher Nolan (dir.), Matthew McConaughey, Anne Hathaway",
      "imDbRating": "8.6",
      "imDbRatingCount": "1695082"
    },
    {
      "id": "tt9252508",
      "rank": "91",
      "rankUpDown": "+292",
      "title": "Tall Girl",
      "fullTitle": "Tall Girl (2019)",
      "year": "2019",
      "image": "https://m.media-amazon.com/images/M/MV5BMDI3YmEwOTItNDEyNC00MGNlLWJiMjEtMzc0MTJjZmM1NGEzXkEyXkFqcGdeQXVyMTkxNjUyNQ@@._V1_SX300.jpg",
      "crew": "Nzingha Stewart (dir.), Ava Michelle, Griffin Gluck",
      "imDbRating": "5.2",
      "imDbRatingCount": "22186"
    },
    {
      "id": "tt0092099",
      "rank": "92",
      "rankUpDown": "+161",
      "title": "Top Gun",
      "fullTitle": "Top Gun (1986)",
      "year": "1986",
      "image": "https://m.media-amazon.com/images/M/MV5BYTgzYTg5NTMtMjFmMy00MWIxLWEwYTQtN2UyMzY3NDIzOTRjL2ltYWdlXkEyXkFqcGdeQXVyNjQzNDI3NzY@._V1_SX300.jpg",
      "crew": "Tony Scott (dir.), Tom Cruise, Tim Robbins",
      "imDbRating": "6.9",
      "imDbRatingCount": "318846"
    },
    {
      "id": "tt12472554",
      "rank": "93",
      "rankUpDown": "+64",
      "title": "Mahaan",
      "fullTitle": "Mahaan (2022)",
      "year": "2022",
      "image": "https://m.media-amazon.com/images/M/MV5BMjlhZjg5YzAtMGFiNS00OGMzLTkxYjAtMGFkNTg5MzM1ZmNmXkEyXkFqcGdeQXVyMTE2NTYzNTQy._V1_SX300.jpg",
      "crew": "Karthik Subbaraj (dir.), Vikram, Simran",
      "imDbRating": "8.1",
      "imDbRatingCount": "8684"
    },
    {
      "id": "tt7131622",
      "rank": "94",
      "rankUpDown": "-6",
      "title": "Once Upon a Time... In Hollywood",
      "fullTitle": "Once Upon a Time... In Hollywood (2019)",
      "year": "2019",
      "image": "https://m.media-amazon.com/images/M/MV5BOTg4ZTNkZmUtMzNlZi00YmFjLTk1MmUtNWQwNTM0YjcyNTNkXkEyXkFqcGdeQXVyNjg2NjQwMDQ@._V1_SX300.jpg",
      "crew": "Quentin Tarantino (dir.), Leonardo DiCaprio, Brad Pitt",
      "imDbRating": "7.6",
      "imDbRatingCount": "672431"
    },
    {
      "id": "tt12412888",
      "rank": "95",
      "rankUpDown": "+63",
      "title": "Sonic the Hedgehog 2",
      "fullTitle": "Sonic the Hedgehog 2 (2022)",
      "year": "2022",
      "image": "https://m.media-amazon.com/images/M/MV5BMzExMWVjODMtYjgzOC00ZDljLTgxMTktYWQ0NGNiOTcxNGYxXkEyXkFqcGdeQXVyMDM2NDM2MQ@@._V1_SX300.jpg",
      "crew": "Jeff Fowler (dir.), Ben Schwartz, Idris Elba",
      "imDbRating": "",
      "imDbRatingCount": "0"
    },
    {
      "id": "tt0120737",
      "rank": "96",
      "rankUpDown": "+11",
      "title": "The Lord of the Rings: The Fellowship of the Ring",
      "fullTitle": "The Lord of the Rings: The Fellowship of the Ring (2001)",
      "year": "2001",
      "image": "https://m.media-amazon.com/images/M/MV5BN2EyZjM3NzUtNWUzMi00MTgxLWI0NTctMzY4M2VlOTdjZWRiXkEyXkFqcGdeQXVyNDUzOTQ5MjY@._V1_SX300.jpg",
      "crew": "Peter Jackson (dir.), Elijah Wood, Ian McKellen",
      "imDbRating": "8.8",
      "imDbRatingCount": "1779427"
    },
    {
      "id": "tt3774694",
      "rank": "97",
      "rankUpDown": "-6",
      "title": "Love",
      "fullTitle": "Love (2015)",
      "year": "2015",
      "image": "https://m.media-amazon.com/images/M/MV5BMTQzNDUwODk5NF5BMl5BanBnXkFtZTgwNzA0MDQ2NTE@._V1_SX300.jpg",
      "crew": "Gaspar Noé (dir.), Aomi Muyock, Karl Glusman",
      "imDbRating": "6.1",
      "imDbRatingCount": "55674"
    },
    {
      "id": "tt4649466",
      "rank": "98",
      "rankUpDown": "+21",
      "title": "Kingsman: The Golden Circle",
      "fullTitle": "Kingsman: The Golden Circle (2017)",
      "year": "2017",
      "image": "https://m.media-amazon.com/images/M/MV5BMjQ3OTgzMzY4NF5BMl5BanBnXkFtZTgwOTc4OTQyMzI@._V1_SX300.jpg",
      "crew": "Matthew Vaughn (dir.), Taron Egerton, Colin Firth",
      "imDbRating": "6.7",
      "imDbRatingCount": "309228"
    },
    {
      "id": "tt10298810",
      "rank": "99",
      "rankUpDown": "-77",
      "title": "Lightyear",
      "fullTitle": "Lightyear (2022)",
      "year": "2022",
      "image": "https://m.media-amazon.com/images/M/MV5BMTg0MzkzMTQtNWRlZS00MGU2LTgwYTktMjkyNTZkZTAzNTQ3XkEyXkFqcGdeQXVyMTM1MTE1NDMx._V1_SX300.jpg",
      "crew": "Angus MacLane (dir.), Taika Waititi, Keke Palmer",
      "imDbRating": "",
      "imDbRatingCount": "0"
    },
    {
      "id": "tt0068646",
      "rank": "100",
      "rankUpDown": "-16",
      "title": "The Godfather",
      "fullTitle": "The Godfather (1972)",
      "year": "1972",
      "image": "https://m.media-amazon.com/images/M/MV5BM2MyNjYxNmUtYTAwNi00MTYxLWJmNWYtYzZlODY3ZTk3OTFlXkEyXkFqcGdeQXVyNzkwMjQ5NzM@._V1_SX300.jpg",
      "crew": "Francis Ford Coppola (dir.), Marlon Brando, Al Pacino",
      "imDbRating": "9.2",
      "imDbRatingCount": "1754056"
    }
  ],
  "errorMessage": ""
}